InstituicaoFinanceira,taxa_tipica,periodos
BCO MERCEDES-BENZ S.A.,0.66,46
BMW SA CFI,0.86,46
BCO RCI BRASIL S.A.,0.95,46
BCO STELLANTIS S.A.,0.98,10
CAIXA ECONOMICA FEDERAL,1.03,46
BCO DA AMAZONIA S.A.,1.09,42
BANCO HYUNDAI CAPITAL BRASIL,1.2850000000000001,46
BCO DIGIMAIS S.A.,1.3050000000000002,10
BCO PACCAR S.A.,1.34,23
BCO GM S.A.,1.36,46
BANCO TRATON BRASIL S.A.,1.46,46
STELLANTIS FINANCIAMENTOS CFI,1.5350000000000001,46
SCANIA BCO S.A.,1.54,39
BCO VOLVO BRASIL S.A.,1.58,27
BANCO CNH INDUSTRIAL CAPITAL S.A,1.59,38
BCO DO ESTADO DO RS S.A.,1.63,24
BCO VOLKSWAGEN S.A,1.67,46
SAFRA SCFI S.A.,1.7,46
BANCO INTER,1.705,46
BCO TOYOTA DO BRASIL S.A.,1.72,42
BCO RODOBENS S.A.,1.725,46
BCO DO EST. DO PA S.A.,1.745,34
BCO BRADESCO S.A.,1.77,46
BCO DO BRASIL S.A.,1.82,46
SINOSSERRA S/A - SCFI,1.8450000000000002,46
SANTANDER SCFI S.A.,1.8450000000000002,46
BANCO MONEO S.A.,1.89,19
BRB - CFI S/A,1.89,44
BCO BRADESCO FINANC. S.A.,1.95,46
PORTOSEG S.A. CFI,1.96,46
BCO C6 S.A.,1.9649999999999999,46
BCO BRASILEIRO DE CRÉDITO S.A.,2.01,46
BCO BANESTES S.A.,2.03,43
ITAÚ UNIBANCO HOLDING S.A.,2.07,46
OMNI BANCO S.A.,2.21,1
BCO VOTORANTIM S.A.,2.26,46
BCO HONDA S.A.,2.425,46
BCO YAMAHA MOTOR S.A.,2.58,46
AGORACRED S/A SCFI,2.8099999999999996,46
BANCO PAN,2.89,46
BARU SCFI S/A,2.965,10
FINAMAX S.A. CFI,3.21,46
BCO DAYCOVAL S.A,3.24,46
SIMPALA S.A. CFI,3.29,23
OMNI SA CFI,3.37,46
